,Pressure,Put_ROI
0,0.5,0.18518518518518512
1,0.5,0.111111111111111
2,0.5,0.2962962962962961
3,0.6,-0.15189873417721517
4,0.5,0.558139534883721
5,0.5,-0.2571428571428571
6,0.6,0.10000000000000009
7,0.5,0.3333333333333333
8,0.6,-0.15887850467289721
9,0.4,0.2758620689655173
10,0.6,0.5621621621621622
11,0.4,0.24999999999999994
12,0.5,0.5291262135922329
13,0.5,-0.10176991150442478
14,0.6,0.28301886792452824
15,0.6,0.3806451612903226
16,0.5,-0.6774193548387097
17,0.6,-0.6799999999999999
18,0.4,0.06521739130434775
19,0.4,0.01960784313725492
20,0.5,0.1509433962264151
21,0.5,0.34394904458598713
22,0.5,0.842105263157895
23,0.5,0.5503875968992248
24,0.6,-0.8333333333333333
25,0.5,-0.12280701754385967
26,0.4,-0.24193548387096772
27,0.6,-0.22727272727272735
28,0.5,0.14285714285714277
29,0.5,0.11382113821138222
30,0.5,0.14741035856573712
31,0.4,0.11313868613138671
32,0.5,0.3214285714285713
33,0.6,-0.09523809523809532
34,0.4,0.2885906040268456
35,0.5,0.7777777777777776
36,0.5,-0.09459459459459477
37,0.4,0.8558951965065502
38,0.4,0.19402985074626874
39,0.4,0.01913875598086126
40,0.6,0.022388059701492557
41,0.4,0.04487179487179477
42,0.4,0.21153846153846143
43,0.5,0.14479638009049767
44,0.5,0.21327014218009488
45,0.5,0.1953488372093023
46,0.5,-0.13953488372093015
47,0.5,0.9553072625698323
48,0.5,0.5270935960591135
49,0.5,0.5499999999999999
50,0.7,0.05084745762711869
51,0.6,1.0
52,0.6,1.077922077922078
53,0.6,0.8987341772151898
54,0.5,-0.34302325581395354
55,0.3,-0.23893805309734506
56,0.5,-0.4619883040935672
57,0.5,-0.10526315789473693
58,0.7,0.22881355932203393
59,0.5,-0.15789473684210523
60,0.3,-0.04972375690607739
61,0.6,-0.09999999999999991
62,0.5,-0.1167883211678833
63,0.4,0.06349206349206354
64,0.6,0.07999999999999995
65,0.4,-0.13142857142857142
66,0.4,-0.0614525139664805
67,0.4,0.10738255033557041
68,0.5,0.07801418439716319
69,0.6,-0.19298245614035078
70,0.5,0.31125827814569534
71,0.5,0.29729729729729726
72,0.4,0.07486631016042763
73,0.6,0.043795620437956075
74,0.5,-0.21604938271604943
75,0.5,0.2388059701492536
76,0.5,0.1884057971014493
77,0.9,0.0
78,0.7,-0.9880000000000001
79,0.9,-0.8775510204081632
80,0.5,0.04377104377104373
81,0.5,0.1469534050179212
82,0.5,0.350210970464135
83,0.6,0.09868421052631574
84,0.6,0.18666666666666668
85,0.5,0.42038216560509545
86,0.5,0.34507042253521125
87,0.6,0.459016393442623
88,0.5,0.07317073170731714
89,0.6,0.2890624999999999
90,0.5,0.17482517482517484
91,0.5,-0.3303571428571429
92,0.4,-0.5909090909090909
93,0.4,-0.5869565217391305
94,0.6,0.7878787878787881
95,0.5,0.6578947368421053
96,0.5,0.48101265822784794
97,0.5,0.3714285714285714
98,0.5,0.4166666666666665
99,0.6,-0.06285714285714292
100,0.3,0.13553113553113558
101,0.4,0.30733944954128434
102,0.4,0.3125
103,0.6,-0.13333333333333336
104,0.6,-0.07692307692307698
105,0.6,-0.16666666666666663
106,0.6,0.08333333333333341
107,0.6,0.3999999999999999
108,0.6,-0.30000000000000004
109,0.4,0.3333333333333333
110,0.7,0.08333333333333341
111,0.3,-0.4545454545454546
112,0.2,-0.3636363636363637
113,0.5,-0.7999999999999999
114,0.5,-0.7575757575757576
115,0.4,-0.6976744186046512
116,0.6,-0.27999999999999997
117,0.4,0.7209302325581397
118,0.5,-0.21590909090909097
119,0.6,-0.3584905660377359
120,0.5,-0.4251497005988024
121,0.5,-0.36158192090395486
122,0.6,-0.4788732394366197
123,0.4,-0.47474747474747475
124,0.6,0.08053691275167793
125,0.5,0.050458715596330216
126,0.5,-0.14814814814814828
127,0.5,-0.1111111111111112
128,0.3,0.07894736842105259
129,0.6,0.16666666666666663
130,0.5,-0.040000000000000036
131,0.5,-0.4090909090909091
132,0.5,0.0
133,0.4,0.15137614678899064
134,0.4,-0.12093023255813955
135,0.5,-0.5945945945945946
136,0.4,-0.5241935483870968
137,0.3,-0.1257142857142857
138,0.4,0.03846153846153849
139,0.5,0.09090909090909093
140,0.5,-0.5545454545454546
141,0.5,-0.38750000000000007
142,0.5,0.25757575757575774
143,0.7,-0.75
144,0.5,0.3235294117647059
145,0.6,0.8518518518518517
146,0.6,1.2210526315789474
147,0.3,-0.08633093525179848
148,0.3,-0.030181086519114688
149,0.2,-0.03187250996015939
150,0.1,-0.06991525423728823
151,0.1,-0.05532786885245893
152,0.5,0.0
153,0.5,-0.06250000000000006
154,0.5,0.1304347826086958
155,0.5,0.409090909090909
156,0.5,-0.11290322580645164
157,0.5,-0.29032258064516125
158,0.5,0.0
159,0.5,-0.19354838709677422
160,0.4,-0.12195121951219502
161,0.6,0.2499999999999999
162,0.6,-0.4444444444444444
163,0.5,-0.17748917748917756
164,0.5,0.40624999999999983
165,0.5,0.1772727272727271
166,0.5,-0.37837837837837845
167,0.5,-0.14705882352941177
168,0.4,-0.2583333333333333
169,0.6,-0.32653061224489804
170,0.4,-0.33333333333333326
171,0.5,-0.3508771929824561
172,0.6,-0.3846153846153846
173,0.5,-0.4576271186440678
174,0.6,0.7209302325581397
175,0.6,1.0
176,0.5,0.29411764705882365
177,0.5,0.2631578947368421
178,0.5,0.21052631578947364
179,0.5,0.16666666666666669
180,0.4,-0.050000000000000044
181,0.5,0.2666666666666666
182,0.5,-0.03846153846153849
183,0.6,0.023809523809523725
184,0.5,0.07936507936507936
185,0.4,-0.5531914893617021
186,0.4,-0.3125
187,0.5,-0.5729166666666667
188,0.5,-0.09999999999999994
189,0.5,-0.2812500000000001
190,0.5,-0.19354838709677422
191,0.5,-0.18518518518518517
192,0.4,0.0714285714285715
193,0.6,-0.2222222222222223
194,0.4,-0.04347826086956525
195,0.6,-0.2619047619047619
196,0.4,-0.31818181818181823
197,0.5,-0.0555555555555556
198,0.5,-0.0555555555555556
199,0.4,0.12499999999999997
200,0.4,0.05882352941176476
201,0.6,-0.28571428571428564
202,0.6,-0.4285714285714285
203,0.6,-0.25000000000000006
204,0.5,-0.28571428571428564
205,0.5,-0.33333333333333326
206,0.6,-0.05882352941176463
207,0.5,0.15625
208,0.5,-0.14705882352941177
209,0.6,-0.3214285714285714
210,0.5,-0.18518518518518517
211,0.3,0.050000000000000044
212,0.6,0.18181818181818177
213,0.5,-0.1276595744680852
214,0.5,-0.02439024390243894
215,0.5,0.39130434782608714
216,0.5,0.040816326530612096
217,0.5,0.15999999999999998
218,0.4,0.0487804878048781
219,0.5,-0.07499999999999996
220,0.7,-0.09999999999999991
221,0.2,-0.15189873417721517
222,0.3,-0.13114754098360648
223,0.3,-0.015625000000000014
224,0.5,-0.08888888888888896
225,0.5,-0.3758241758241758
226,0.2,-0.21590909090909094
227,0.2,-0.23529411764705882
228,0.2,-0.32042253521126757
229,0.4,-0.14563106796116504
230,0.6,-0.07569721115537847
231,0.5,-0.2939068100358423
232,0.8,0.8333333333333334
233,0.4,0.17948717948717943
234,0.6,-0.1403508771929824
235,0.7,-0.06000000000000005
236,0.3,-0.08181818181818189
237,0.4,0.06741573033707858
238,0.4,0.32835820895522383
239,0.7,1.024390243902439
240,0.6,1.1276595744680853
241,0.5,-0.38235294117647056
242,0.5,-0.28571428571428564
243,0.4,-0.35294117647058815
244,0.5,-0.2962962962962964
245,0.5,0.7500000000000001
246,0.5,0.619047619047619
247,0.5,0.2913907284768212
248,0.5,0.1631205673758865
249,0.5,-0.04210526315789466
250,0.4,0.019417475728155355
251,0.5,0.15000000000000005
252,0.5,0.062499999999999965
253,0.5,0.23636363636363633
254,0.5,0.15909090909090892
255,0.3,-0.3838709677419355
256,0.5,-0.08771929824561403
257,0.5,0.0
258,0.5,0.13333333333333325
259,0.6,0.4222222222222223
260,0.4,0.1971830985915493
261,0.5,-0.3571428571428571
262,0.4,0.7901234567901235
263,0.5,0.7575757575757576
264,0.5,1.120689655172414
265,0.6,-0.45833333333333337
266,0.6,-0.3333333333333334
267,0.5,-0.48854961832061067
268,0.6,-0.43939393939393934
269,0.7,-0.15000000000000002
270,0.5,-0.9666666666666667
271,0.6,-0.12499999999999993
272,0.6,-0.36
273,0.6,0.5000000000000001
274,0.5,0.7916666666666666
275,0.3,-0.39999999999999997
276,0.5,-0.7435897435897436
277,0.5,0.8333333333333334
278,0.5,-0.40892193308550184
279,0.4,-0.4296028880866426
280,0.5,-0.4575342465753425
281,0.4,0.44723618090452255
282,0.4,0.10628019323671507
283,0.3,0.14207650273224032
284,0.5,-0.172972972972973
285,0.6,-0.39473684210526316
286,0.5,-0.13492063492063486
287,0.5,-0.07258064516129038
288,0.5,0.534090909090909
289,0.8,3.2021276595744683
290,0.5,0.70995670995671
291,0.8,0.8750000000000001
292,0.5,0.09793814432989688
293,0.5,-0.2978723404255319
294,0.5,-0.4722222222222222
295,0.5,-0.3511904761904761
296,0.6,-0.05691056910569111
297,0.5,-0.3581081081081081
298,0.3,-0.5714285714285714
299,0.4,-0.35593220338983056
300,0.5,-0.40476190476190477
301,0.5,-0.17777777777777773
302,0.4,0.0
303,0.5,0.20754716981132088
304,0.5,0.09615384615384615
305,0.5,-0.5102564102564102
306,0.6,-0.4606060606060606
307,0.5,0.0571428571428572
308,0.5,-0.016666666666666607
309,0.6,-0.24561403508771934
310,0.4,-0.44000000000000006
311,0.6,0.5454545454545453
312,0.6,0.8999999999999999
313,0.5,-0.020958083832335203
314,0.4,-0.05913978494623663
315,0.4,-0.26086956521739124
316,0.4,0.7272727272727271
317,0.6,-0.6666666666666666
318,0.6,0.45454545454545453
319,0.4,-0.08571428571428566
320,0.4,-0.0571428571428572
321,0.4,0.17647058823529416
322,0.4,0.3
323,0.4,0.4800000000000001
324,0.5,-0.4036697247706422
325,0.2,-0.32
326,0.6,0.03571428571428575
327,0.6,0.07692307692307682
328,0.3,0.375
329,0.6,0.6499999999999999
330,0.5,0.2800000000000001
331,0.6,0.4683544303797467
332,0.6,0.672268907563025
333,0.5,-0.4
334,0.6,-0.24999999999999994
335,0.5,-0.8125
336,0.5,-0.7333333333333334
337,0.5,-0.7500000000000001
338,0.6,1.0303030303030305
339,0.9,-0.19999999999999998
340,0.6,-0.27272727272727276
341,0.7,-0.5
342,0.5,0.3333333333333335
343,0.6,0.5263157894736842
344,0.5,0.06349206349206354
345,0.5,-0.06060606060606053
346,0.4,-0.08955223880597023
347,0.4,0.574074074074074
348,0.5,0.6483516483516483
349,0.4,0.27622377622377625
350,0.6,0.27802690582959644
351,0.4,0.15151515151515152
352,0.5,0.2333333333333334
353,0.4,-0.08108108108108115
354,0.3,0.6666666666666666
355,0.4,-0.10909090909090903
356,0.5,-0.03225806451612906
357,0.5,0.25000000000000006
358,0.4,-0.10236220472440954
359,0.6,-0.3068783068783068
360,0.6,-0.15151515151515152
361,0.5,-0.08333333333333341
362,0.6,0.2631578947368421
363,0.6,0.15789473684210542
364,0.5,0.21874999999999992
365,0.4,0.21212121212121218
366,0.5,0.09282700421940918
367,0.5,0.5401785714285714
368,0.5,0.5178571428571427
369,0.5,0.35678391959799005
370,0.5,0.18539325842696622
371,0.4,0.05607476635514003
372,0.5,0.11538461538461531
373,0.5,0.3076923076923076
374,0.8,-0.39999999999999997
375,0.8,-0.18181818181818185
376,0.5,-0.2958579881656805
377,0.4,-0.27536231884057966
378,0.4,-0.18784530386740336
379,0.7,-0.75
380,0.6,-0.7261904761904762
381,0.6,-0.6341463414634146
382,0.4,-0.21621621621621626
383,0.4,-0.26946107784431134
384,0.4,-0.625
385,0.4,-0.7142857142857143
386,0.5,0.17647058823529416
387,0.4,-0.030303030303030196
388,0.4,-0.24390243902439016
389,0.6,-0.38709677419354843
390,0.6,0.03333333333333336
391,0.4,-0.25000000000000006
392,0.4,-0.1
393,0.5,-0.18018018018018023
394,0.5,-0.16964285714285718
395,0.5,-0.23478260869565212
396,0.5,-0.23148148148148157
397,0.6,1.75
398,0.6,1.6052631578947367
399,0.6,-0.5147058823529412
400,0.4,0.9074074074074073
401,0.5,0.10679611650485425
402,0.7,0.16393442622950816
403,0.5,-0.5
404,0.6,-0.24999999999999994
405,0.5,-0.2
406,0.5,-0.18518518518518517
407,0.5,-0.36
408,0.6,-0.44999999999999996
409,0.5,0.44827586206896564
410,0.5,-0.10344827586206891
411,0.3,-0.09375000000000008
412,0.5,0.0
413,0.4,0.2666666666666666
414,0.5,-0.2
415,0.4,0.7741935483870968
416,0.5,0.8636363636363633
417,0.8,-0.375
418,0.9,-0.30434782608695643
419,0.5,0.013513513513513526
420,0.5,0.3546099290780142
421,0.5,0.3311258278145694
422,0.5,0.10236220472440936
423,0.6,1.0933333333333335
424,0.4,0.753968253968254
425,0.6,1.046875
426,0.4,1.152380952380952
427,0.5,1.0
428,0.4,0.6990291262135921
429,0.7,0.03571428571428575
430,0.5,-0.19444444444444448
431,0.5,-0.29411764705882354
432,0.6,-0.3125
433,0.5,-0.4444444444444445
434,0.4,-0.5
435,0.5,-0.52
436,0.6,0.0
437,0.4,-0.14814814814814828
438,0.5,0.025641025641025664
439,0.5,0.0277777777777778
440,0.5,-0.14814814814814828
441,0.5,-0.3333333333333333
442,0.5,-0.9310344827586207
443,0.5,-0.9285714285714285
444,0.3,-0.888888888888889
445,0.5,-0.5217391304347825
446,0.5,0.01041666666666663
447,0.4,-0.0219780219780219
448,0.5,-0.25694444444444436
449,0.5,-0.19708029197080293
450,0.5,-0.23931623931623927
451,0.5,-0.24770642201834872
452,0.5,0.6205533596837944
453,0.5,0.377049180327869
454,0.5,0.4212328767123289
455,0.6,0.38888888888888895
456,0.4,-0.06562499999999999
457,0.4,-0.23616236162361628
458,0.6,-0.12359550561797751
459,0.5,0.12820512820512833
460,0.5,-0.15000000000000002
461,0.5,-0.10256410256410255
462,0.5,0.2352941176470589
463,0.6,0.10526315789473695
464,0.6,0.050000000000000044
465,0.3,-0.06451612903225812
466,0.6,0.0
467,0.5,-0.5
468,0.5,-0.5625
469,0.3,-0.4230769230769231
470,0.5,-0.13513513513513511
471,0.6,-0.3793103448275862
472,0.4,0.10483870967741944
473,0.5,0.20000000000000004
474,0.3,-0.21428571428571416
475,0.5,0.15384615384615388
476,0.5,0.14634146341463428
477,0.4,-0.17857142857142858
478,0.4,-0.18750000000000003
479,0.4,-0.28571428571428564
480,0.4,-0.5909090909090909
481,0.4,-0.375
482,0.5,-0.2777777777777778
483,0.6,-0.06666666666666672
484,0.6,-0.23529411764705876
485,0.6,-0.2666666666666666
486,0.5,-0.4347826086956521
487,0.6,-0.21052631578947364
488,0.5,-0.3095890410958904
489,0.5,0.4673913043478261
490,0.6,0.38257575757575746
491,0.5,-0.5833333333333334
492,0.6,-0.35
493,0.6,-0.4210526315789473
494,0.7,-0.38095238095238093
495,0.5,-0.28571428571428575
496,0.4,-0.7619047619047619
497,0.5,0.15789473684210542
498,0.4,-0.24999999999999994
499,0.4,-0.32
500,0.4,-0.391304347826087
501,0.6,-0.5555555555555556
502,0.6,-0.6111111111111112
503,0.6,-0.888888888888889
504,0.4,0.08695652173913052
505,0.6,-0.06666666666666672
506,0.4,0.08000000000000007
507,0.5,-0.23529411764705876
508,0.6,-0.14285714285714282
509,0.5,-0.7619047619047619
510,0.5,0.19649122807017544
511,0.4,0.2136752136752137
512,0.4,0.205651491365777
513,0.5,0.19729206963249526
514,0.4,-0.3171806167400881
515,0.5,-0.12401055408970982
516,0.5,0.0930930930930931
517,0.6,0.2553191489361703
518,0.5,0.5324165029469549
519,0.6,0.5164113785557986
520,0.4,-0.4166666666666667
521,0.6,-0.34375
522,0.6,-0.4857142857142857
523,0.5,-0.4117647058823529
524,0.6,-0.1304347826086956
525,0.5,-0.41379310344827586
526,0.5,-0.3571428571428571
527,0.5,-0.36
528,0.7,-0.5
529,0.4,-0.42857142857142855
530,0.4,-0.5405405405405405
531,0.5,-0.1250000000000001
532,0.4,-0.21052631578947364
533,0.5,-0.18750000000000003
534,0.4,-0.29411764705882354
535,0.4,-0.2777777777777778
536,0.7,-0.5
537,0.4,0.09230769230769222
538,0.3,0.07031250000000006
539,0.4,0.6129032258064516
540,0.5,-0.33333333333333326
541,0.2,0.1333333333333333
542,0.2,-0.06666666666666672
543,0.4,-0.5333333333333333
544,0.4,-0.971153846153846
545,0.7,-0.9354838709677419
546,0.6,-0.7363636363636363
547,0.3,-0.5
548,0.4,0.17647058823529416
549,0.3,0.052631578947368474
550,0.5,-0.4925373134328358
551,0.2,-0.38219895287958117
552,0.5,-0.5045871559633027
553,0.2,-0.4754098360655738
554,0.4,-0.025641025641025664
555,0.5,0.13157894736842105
556,0.5,0.1874999999999999
557,0.6,-0.5714285714285715
558,0.6,-0.7272727272727273
559,0.4,-0.7941176470588236
560,0.5,0.4102564102564103
561,0.6,0.2631578947368421
562,0.6,-0.2058823529411764
563,0.4,0.4516129032258064
564,0.6,0.39130434782608714
565,0.6,0.5238095238095238
566,0.5,-0.1285714285714286
567,0.4,-0.46445497630331756
568,0.5,0.07812499999999989
569,0.5,0.05494505494505487
570,0.4,-0.43529411764705883
571,0.5,-0.45333333333333337
572,0.5,-0.4857142857142857
573,0.4,-0.4714285714285714
574,0.6,0.903225806451613
575,0.6,0.5028248587570622
576,0.4,0.625514403292181
577,0.5,0.5250965250965253
578,0.3,-0.7500000000000001
579,0.6,-0.8
580,0.6,-0.33333333333333326
581,0.5,-0.10476190476190472
582,0.4,0.1682242990654205
583,0.4,0.030837004405286274
584,0.5,-0.20125786163522016
585,0.4,-0.3680981595092024
586,0.5,-0.875
587,0.5,-0.6923076923076923
588,0.6,-0.7500000000000001
589,0.5,-0.543859649122807
590,0.3,-0.7777777777777777
591,0.5,0.358974358974359
592,0.6,0.4333333333333333
593,0.4,0.18604651162790695
594,0.5,0.31578947368421056
595,0.4,0.0
596,0.5,0.3548387096774194
597,0.4,0.1290322580645161
598,0.6,0.06896551724137938
599,0.5,-0.25000000000000006
600,0.6,0.0
601,0.6,0.0
602,0.9,0.05555555555555548
603,0.6,0.05882352941176476
604,0.6,0.06249999999999992
605,0.5,-0.2777777777777778
606,0.4,-0.44999999999999996
607,0.4,-0.33333333333333337
608,0.5,-0.3125
609,0.5,-0.17647058823529416
610,0.5,-0.2631578947368421
611,0.4,-0.46774193548387094
612,0.6,-0.576923076923077
613,0.6,-0.4166666666666666
614,0.4,-0.34736842105263155
615,0.4,-0.4811320754716981
616,0.5,-0.38
617,0.4,-0.5259259259259259
618,0.5,-0.31740614334470996
619,0.5,-0.1452702702702703
620,0.4,-0.08000000000000007
621,0.5,-0.05882352941176463
622,0.5,0.18181818181818185
623,0.6,0.21428571428571433
624,0.5,-0.03448275862068969
625,0.4,0.076923076923077
626,0.5,-0.3636363636363636
627,0.7,0.09523809523809511
628,0.5,-0.52
629,0.2,-0.7407407407407407
630,0.2,-0.76
631,0.7,-0.5714285714285714
632,0.6,-0.081967213114754
633,0.5,0.8095238095238096
634,0.4,0.31213872832369943
635,0.4,0.43902439024390266
636,0.5,-0.27450980392156854
637,0.5,0.236842105263158
638,0.3,-0.35
639,0.3,-0.3125
640,0.7,-0.8571428571428572
641,0.4,-0.4545454545454546
642,0.4,-0.39999999999999997
643,0.7,-0.6944444444444445
644,0.6,-0.5333333333333333
645,0.3,-0.3448275862068966
646,0.6,-0.5882352941176471
647,0.6,-0.6153846153846154
648,0.4,-0.5416666666666666
649,0.5,-0.4285714285714285
650,0.6,-0.5
651,0.6,-0.07954545454545449
652,0.5,-0.3085106382978723
653,0.6,-0.0843373493975903
654,0.5,0.5606060606060606
655,0.8,0.5161290322580644
656,0.6,-0.025000000000000022
657,0.5,0.5409836065573772
658,0.5,-0.1538461538461538
659,0.4,-0.2592592592592593
660,0.4,-0.39285714285714285
661,0.4,0.08108108108108103
662,0.5,-0.20000000000000004
663,0.4,0.026315789473684237
664,0.5,-0.19696969696969696
665,0.5,-0.11428571428571425
666,0.4,0.11111111111111108
667,0.5,0.03448275862068969
668,0.3,0.24444444444444435
669,0.5,0.16666666666666663
670,0.5,0.8095238095238093
671,0.5,0.48717948717948717
672,0.6,1.0
673,0.5,0.7368421052631579
674,0.5,0.7142857142857142
675,0.4,0.8333333333333336
676,0.4,-0.8387096774193549
677,0.4,0.14285714285714277
678,0.4,0.0
679,0.5,-0.28571428571428564
680,0.5,-0.28571428571428564
681,0.5,-0.18181818181818182
682,0.5,-0.6071428571428571
683,0.6,0.35714285714285715
684,0.6,0.24999999999999994
685,0.6,0.2352941176470589
686,0.4,-0.33333333333333337
687,0.5,0.0
688,0.5,0.17647058823529416
689,0.6,0.28571428571428575
690,0.5,-0.11111111111111108
691,0.5,-0.15789473684210517
692,0.5,0.17894736842105255
693,0.5,-0.24705882352941172
694,0.4,-0.3948717948717949
695,0.5,-0.8116438356164384
696,0.5,-0.6904109589041096
697,0.5,-0.6115942028985508
698,0.4,0.5555555555555555
699,0.4,0.3999999999999999
700,0.3,-0.14285714285714282
701,0.4,-0.19999999999999996
702,0.4,-0.2222222222222223
703,0.4,-0.6599999999999999
704,0.5,-0.6464646464646465
705,0.4,-0.847457627118644
706,0.5,0.36363636363636354
707,0.5,0.11999999999999993
708,0.4,-0.7500000000000001
709,0.3,-0.625
710,0.4,-0.14705882352941177
711,0.4,-0.6666666666666667
712,0.5,0.0714285714285715
713,0.6,-0.2631578947368421
714,0.5,-0.023809523809523937
715,0.5,-0.0555555555555556
716,0.6,-0.10869565217391305
717,0.5,0.20810810810810798
718,0.5,0.1727748691099478
719,0.5,-0.10606060606060595
720,0.4,-0.3666666666666667
721,0.5,-0.5625
722,0.4,-0.47826086956521735
723,0.5,-0.30041152263374493
724,0.5,-0.09375000000000017
725,0.5,0.14778325123152725
726,0.4,0.24358974358974372
727,0.6,0.726235741444867
728,0.4,-0.41975308641975306
729,0.3,-0.5363636363636364
730,0.5,-0.31000000000000005
731,0.5,-0.12542372881355934
732,0.5,-0.014035087719298258
733,0.4,0.18181818181818185
734,0.5,-0.01754385964912263
735,0.7,0.2916666666666667
736,0.4,-0.11199999999999992
737,0.4,-0.15966386554621845
738,0.4,-0.2586206896551724
739,0.5,-0.5775862068965517
740,0.5,-0.638655462184874
741,0.4,0.4000000000000001
742,0.6,-0.07394366197183097
743,0.5,-0.4166666666666667
744,0.5,-0.73046875
745,0.5,-0.28629032258064513
746,0.5,-0.32330827067669177
747,0.7,0.12121212121212133
748,0.7,-0.25454545454545463
749,0.5,0.78125
750,0.6,0.8086956521739133
751,0.5,-0.20370370370370378
752,0.5,0.20430107526881702
753,0.4,0.03448275862068969
754,0.4,0.1923076923076923
755,0.5,0.19444444444444436
756,0.4,-0.4583333333333333
757,0.4,-0.5833333333333334
758,0.4,-0.375
759,0.5,-0.10526315789473682
760,0.6,-0.16666666666666663
761,0.4,-0.42682926829268286
762,0.5,-0.5813953488372093
763,0.6,0.7368421052631579
764,0.6,0.20833333333333334
765,0.3,-0.1818181818181817
766,0.4,-0.0625
767,0.4,-0.08823529411764701
768,0.4,-0.4444444444444445
769,0.5,-0.16853932584269665
770,0.5,-0.12941176470588234
771,0.5,-0.0869565217391305
772,0.5,-0.2857142857142857
773,0.5,0.3125
774,0.5,-0.22784810126582286
775,0.5,-0.5063291139240506
776,0.5,-0.5708333333333333
777,0.5,-0.1928571428571429
778,0.5,-0.17616580310880822
779,0.6,0.14285714285714285
780,0.3,0.0
781,0.4,-0.0555555555555556
782,0.3,0.0
783,0.4,-0.06666666666666672
784,0.4,0.11538461538461531
785,0.5,-0.08510638297872347
786,0.5,0.08695652173913052
787,0.5,-0.23728813559322037
788,0.5,0.5833333333333334
789,0.5,0.2666666666666666
790,0.4,0.31118881118881125
791,0.6,-0.7189542483660131
792,0.4,0.4878048780487806
793,0.7,0.4069767441860465
794,0.5,0.09090909090909079
795,0.5,-0.14893617021276598
796,0.5,-0.26086956521739124
797,0.5,-0.14634146341463408
798,0.5,-0.4102564102564103
799,0.5,-0.45652173913043476
800,0.5,-0.4101123595505618
801,0.5,0.14018691588785037
802,0.5,-0.32
803,0.5,0.4615384615384616
804,0.5,0.4634146341463416
805,0.5,-0.1818181818181817
806,0.5,0.702127659574468
807,0.6,0.2800000000000001
808,0.5,-0.44897959183673464
809,0.4,-0.2857142857142857
810,0.5,-0.1851851851851852
811,0.5,0.1285714285714287
812,0.6,0.818181818181818
813,0.5,0.8823529411764708
814,0.5,0.6
815,0.5,0.37500000000000006
816,0.4,0.052631578947368474
817,0.4,-0.18750000000000003
818,0.4,-0.07692307692307698
819,0.4,-0.27999999999999997
820,0.4,0.09090909090909079
821,0.3,0.35135135135135126
822,0.4,0.4814814814814814
823,0.6,0.6260869565217394
824,0.5,0.546875
825,0.6,0.3437500000000001
826,0.4,0.6046511627906975
827,0.5,0.5238095238095238
828,0.5,0.45454545454545453
829,0.4,0.1379310344827586
830,0.5,0.9512195121951221
831,0.5,0.2734374999999999
832,0.5,0.05072463768115947
833,0.5,0.11851851851851845
834,0.6,0.01020408163265307
835,0.6,-0.24637681159420283
836,0.6,-0.24242424242424246
837,0.6,-0.1384615384615384
838,0.6,0.20000000000000004
839,0.4,0.4999999999999998
840,0.5,-0.11111111111111108
841,0.3,-0.27272727272727276
842,0.3,-0.16666666666666663
843,0.7,0.18181818181818177
844,0.7,0.08333333333333341
845,0.5,1.2000000000000002
846,0.4,0.846153846153846
847,0.4,-0.09090909090909098
848,0.6,0.42857142857142866
849,0.5,0.08333333333333341
850,0.6,0.14925373134328354
851,0.6,0.4444444444444445
852,0.6,0.4444444444444445
853,0.5,-0.8666666666666667
854,0.3,-0.793103448275862
855,0.4,0.020833333333333447
856,0.3,0.061224489795918324
857,0.6,0.44117647058823545
858,0.6,-0.16666666666666663
859,0.6,0.818181818181818
860,0.6,-0.09090909090909098
861,0.6,0.6666666666666667
862,0.6,0.7857142857142858
863,0.5,0.28124999999999983
864,0.5,0.16129032258064516
865,0.5,0.2727272727272729
866,0.6,1.0909090909090906
867,0.3,0.33333333333333326
868,0.6,1.5370370370370368
869,0.6,-0.15384615384615388
870,0.5,0.12499999999999997
871,0.4,0.12499999999999997
872,0.4,0.0
873,0.4,-0.09999999999999998
874,0.4,-0.09999999999999998
875,0.2,0.0
876,0.2,0.0
877,0.5,-0.2830188679245283
878,0.5,-0.11764705882352935
879,0.5,0.1538461538461538
880,0.5,0.07407407407407397
881,0.4,-0.1111111111111112
882,0.5,-0.019230769230769332
883,0.3,-0.14285714285714282
884,0.4,0.30303030303030304
885,0.4,0.2352941176470589
886,0.4,-0.22421524663677128
887,0.5,0.23232323232323232
888,0.5,0.29064039408867015
889,0.6,0.2207792207792207
890,0.5,0.40624999999999994
891,0.4,0.6315789473684211
892,0.5,-0.18750000000000003
893,0.5,-0.1250000000000001
894,0.4,-0.631578947368421
895,0.4,0.0
896,0.4,0.04545454545454529
897,0.5,-0.018867924528301903
898,0.5,0.06122448979591842
899,0.5,0.0
900,0.5,-0.10909090909090918
901,0.4,0.6249999999999999
902,0.4,0.6923076923076923
903,0.3,-0.18965517241379304
904,0.6,-0.4453781512605042
905,0.5,-0.19379844961240308
906,0.5,0.6412213740458014
907,0.5,0.5037593984962405
908,0.5,-0.37500000000000006
909,0.4,-0.33333333333333337
910,0.5,-0.6666666666666666
911,0.6,-0.4
912,0.4,-0.4166666666666667
913,0.4,-0.6
914,0.5,-0.08771929824561403
915,0.5,-0.03333333333333336
916,0.5,-0.05882352941176463
917,0.5,-0.37096774193548393
918,0.5,-0.3061224489795919
919,0.5,0.0
920,0.4,-0.10416666666666667
921,0.5,0.4693877551020407
922,0.5,0.3424657534246577
923,0.5,-0.539622641509434
924,0.5,-0.4612244897959184
925,0.6,0.3009708737864077
926,0.5,0.31304347826086953
927,0.6,-0.14285714285714288
928,0.4,-0.16119402985074627
929,0.5,-0.3855421686746988
930,0.5,-0.5361216730038023
931,0.6,-0.4043478260869564
932,0.6,-0.4142857142857143
933,0.7,-0.27118644067796616
934,0.6,-0.02898550724637668
935,0.6,0.09677419354838718
936,0.6,0.059701492537313314
937,0.6,0.280701754385965
938,0.6,0.0
939,0.4,0.7536231884057972
940,0.4,-0.27333333333333326
941,0.4,-0.17482517482517484
942,0.5,-0.14876033057851235
943,0.5,0.5784313725490197
944,0.4,0.6194690265486728
945,0.5,0.08695652173913052
946,0.5,0.8214285714285714
947,0.5,0.7857142857142858
948,0.6,0.4444444444444443
949,0.4,-0.2058823529411764
950,0.4,1.4285714285714286
951,0.5,0.08333333333333329
952,0.5,0.33576642335766416
953,0.5,0.20437956204379545
954,0.6,-0.35526315789473684
955,0.6,-0.20547945205479456
956,0.5,0.020000000000000018
957,0.7,0.3950617283950615
958,0.6,0.05405405405405398
959,0.3,-0.07692307692307698
960,0.6,-0.39999999999999997
961,0.6,-0.3703703703703704
962,0.5,-0.10204081632653059
963,0.4,-0.15686274509803924
964,0.4,-0.32758620689655166
965,0.6,0.8333333333333335
966,0.5,-0.14285714285714285
967,0.4,-0.16666666666666669
968,0.5,-0.24324324324324317
969,0.5,-0.06451612903225812
970,0.3,-0.016393442622950834
971,0.3,0.015625000000000014
972,0.4,0.1394557823129252
973,0.4,-0.1852941176470588
974,0.6,-0.8848484848484849
975,0.5,-0.8511904761904762
976,0.4,-0.2614379084967321
977,0.6,-0.45098039215686275
978,0.6,0.19580419580419584
979,0.5,0.040268456375838965
980,0.4,0.00555555555555556
981,0.5,-0.3612903225806452
982,0.4,0.28301886792452835
983,0.5,1.5
984,0.5,0.4972067039106146
985,0.5,0.40000000000000013
986,0.4,0.40223463687150823
987,0.5,0.24858757062146888
988,0.6,0.08943089430894317
989,0.4,-0.6927710843373494
990,0.5,0.0
991,0.5,-0.78125
992,0.5,0.03333333333333336
993,0.5,0.0
994,0.5,-0.23728813559322037
995,0.5,-0.43396226415094336
996,0.5,-0.26086956521739124
997,0.4,-0.793103448275862
998,0.5,-0.5593220338983051
999,0.5,-0.5535714285714285
1000,0.5,-0.1595744680851063
1001,0.5,-0.08833922261484099
1002,0.5,0.14000000000000004
1003,0.4,-0.38095238095238093
1004,0.6,2.3695652173913047
1005,0.4,0.15189873417721517
1006,0.5,0.2745098039215686
1007,0.4,0.10059171597633146
1008,0.5,0.2789115646258503
1009,0.6,0.019047619047619063
1010,0.5,0.05882352941176476
1011,0.5,0.0285714285714286
1012,0.3,-0.217391304347826
1013,0.4,0.05882352941176476
1014,0.6,0.2857142857142858
1015,0.6,-0.12030075187969935
1016,0.3,-0.2083333333333333
1017,0.4,-0.2222222222222223
1018,0.4,-0.11111111111111108
1019,0.4,0.11764705882352938
1020,0.3,0.2777777777777776
1021,0.5,0.10958904109589039
1022,0.5,-0.33333333333333326
1023,0.4,-0.1173913043478261
1024,0.6,0.6484848484848487
1025,0.6,0.5494505494505493
1026,0.5,0.6054054054054054
1027,0.5,-0.20000000000000004
1028,0.5,-0.14285714285714282
1029,0.5,-0.25000000000000006
1030,0.5,0.2554347826086956
1031,0.5,0.17204301075268819
1032,0.4,-0.2857142857142857
1033,0.5,-0.3571428571428571
1034,0.5,-0.23214285714285712
1035,0.5,-0.30434782608695643
1036,0.6,0.5789473684210527
1037,0.4,0.22222222222222207
1038,0.5,0.09615384615384615
1039,0.6,0.0571428571428572
1040,0.4,0.12222222222222218
1041,0.3,-0.5494736842105263
1042,0.5,0.27038626609442057
1043,0.5,0.028846153846153872
1044,0.5,0.6666666666666667
1045,0.5,0.5151515151515152
1046,0.5,0.4333333333333333
1047,0.5,0.03571428571428575
1048,0.5,-0.10714285714285708
1049,0.5,0.0
1050,0.5,-0.07692307692307698
1051,0.6,0.38888888888888884
1052,0.5,0.36842105263157904
1053,0.5,0.041666666666666706
1054,0.7,0.0
1055,0.3,-0.4
1056,0.6,-0.4285714285714285
1057,0.6,-0.4285714285714285
1058,0.5,-0.26
1059,0.5,-0.28888888888888886
1060,0.5,-0.21212121212121204
1061,0.4,-0.6666666666666666
1062,0.4,-0.9888888888888889
1063,0.5,2.666666666666667
1064,0.3,-0.9411764705882353
1065,0.4,-0.7647058823529411
1066,0.6,-0.39999999999999997
1067,0.3,-0.20454545454545456
1068,0.5,0.17180616740088112
1069,0.5,-0.4615384615384615
1070,0.4,-0.38775510204081637
1071,0.5,-0.02631578947368412
1072,0.6,-0.6363636363636362
1073,0.6,-0.8333333333333333
1074,0.4,-0.9583333333333333
1075,0.6,-0.9743589743589743
1076,0.5,-0.4634146341463414
1077,0.9,0.4444444444444445
1078,0.6,0.06666666666666672
1079,0.6,-0.06250000000000006
1080,0.5,0.05882352941176476
1081,0.4,0.052631578947368474
1082,0.4,-0.052631578947368356
1083,0.4,0.14285714285714285
1084,0.4,-0.2571428571428571
1085,0.4,-0.17142857142857146
1086,0.4,-0.09677419354838718
1087,0.4,-0.24242424242424238
1088,0.2,0.6071428571428572
1089,0.3,0.5555555555555555
1090,0.4,0.37037037037037035
1091,0.4,0.35714285714285715
1092,0.4,-0.1304347826086956
1093,0.6,-0.15789473684210517
1094,0.5,-0.30000000000000004
1095,0.6,-0.33333333333333326
1096,0.5,-0.39999999999999997
1097,0.5,-0.5
1098,0.4,-0.5
1099,0.4,-0.7111111111111111
1100,0.6,0.14285714285714277
1101,0.1,-0.7
1102,0.5,0.842105263157895
1103,0.9,7.0
1104,0.6,0.8333333333333334
1105,0.5,0.7741935483870968
1106,0.5,0.08571428571428566
1107,0.5,-0.46428571428571425
1108,0.5,-0.1379310344827586
1109,0.5,-0.07142857142857134
1110,0.5,0.17105263157894737
1111,0.5,0.18518518518518517
1112,0.4,-0.1325301204819277
1113,0.7,0.2916666666666668
1114,0.5,-0.01075268817204302
1115,0.4,-0.19999999999999996
1116,0.5,-0.11111111111111108
1117,0.3,-0.6666666666666667
1118,0.4,-0.3703703703703704
1119,0.4,-0.3333333333333333
1120,0.4,-0.525
1121,0.6,0.512820512820513
1122,0.6,0.7666666666666666
1123,0.6,0.48275862068965514
1124,0.5,0.4294871794871794
1125,0.5,0.30379746835443033
1126,0.4,0.3779904306220096
1127,0.5,0.39007092198581567
1128,0.5,-0.14792899408284024
1129,0.4,-0.02424242424242413
1130,0.6,0.23728813559322037
1131,0.8,-0.5238095238095238
1132,0.4,-0.057553956834532266
1133,0.4,-0.035460992907801296
1134,0.4,-0.04895104895104884
1135,0.4,-0.1798561151079137
1136,0.4,-0.27027027027027023
1137,0.4,-0.601851851851852
1138,0.4,-0.5555555555555556
1139,0.5,-0.6
1140,0.6,-0.3703703703703704
1141,0.5,-0.5057471264367817
1142,0.5,-0.4225352112676056
1143,0.6,0.7563025210084033
1144,0.5,0.7578125
1145,0.4,0.6527777777777778
1146,0.5,0.1278195488721804
1147,0.6,-0.768421052631579
1148,0.6,-0.797872340425532
1149,0.6,0.07692307692307682
1150,0.6,0.23076923076923078
1151,0.5,0.23076923076923078
1152,0.6,0.36363636363636354
1153,0.3,-0.050000000000000044
1154,0.4,0.35714285714285715
1155,0.4,0.03947368421052635
1156,0.4,0.15
1157,0.6,-0.9310344827586207
1158,0.7,-0.85
1159,0.3,-0.587719298245614
1160,0.6,-0.15624999999999997
1161,0.3,-0.08000000000000007
1162,0.6,0.16666666666666663
1163,0.6,0.3333333333333335
1164,0.4,0.0
1165,0.3,-0.47058823529411764
1166,0.3,-0.4117647058823529
1167,0.4,-0.37500000000000006
1168,0.4,-0.2222222222222223
1169,0.4,-0.16666666666666669
1170,0.4,-0.19047619047619052
1171,0.4,-0.16666666666666669
1172,0.5,-0.16666666666666669
1173,0.4,-0.29411764705882354
1174,0.6,-0.14285714285714282
1175,0.5,0.14473684210526314
1176,0.5,0.5090909090909089
1177,0.4,0.3333333333333335
1178,0.3,-0.42205323193916344
1179,0.4,-0.5654450261780105
1180,0.4,-0.5365853658536586
1181,0.4,-0.5209580838323353
1182,0.5,0.21621621621621626
1183,0.5,0.1456953642384106
1184,0.4,-0.7285714285714285
1185,0.4,-0.7564102564102565
1186,0.4,-0.9880952380952381
1187,0.4,-0.5076923076923077
1188,0.4,-0.9
1189,0.6,-0.9285714285714285
1190,0.6,0.13496932515337437
1191,0.5,0.11299435028248585
1192,0.5,0.22435897435897426
1193,0.6,0.25757575757575746
1194,0.6,0.44029850746268645
1195,0.5,-0.3977272727272727
1196,0.5,-0.3758389261744966
1197,0.6,-0.24800000000000005
1198,0.5,-0.12030075187969935
1199,0.5,-0.24000000000000005
1200,0.4,-0.22222222222222224
1201,0.6,-0.37500000000000006
1202,0.5,-0.5263157894736842
1203,0.5,-0.5
1204,0.6,0.20000000000000004
1205,0.6,0.5000000000000001
1206,0.7,0.5333333333333332
1207,0.4,0.4444444444444445
1208,0.3,-0.3636363636363637
1209,0.4,-0.23529411764705876
1210,0.5,0.06666666666666672
1211,0.4,-0.11764705882352938
1212,0.5,-0.38461538461538464
1213,0.5,-0.26388888888888895
1214,0.5,-0.15000000000000002
1215,0.6,-0.15517241379310337
1216,0.5,-0.20955882352941185
1217,0.5,-0.2720588235294118
1218,0.5,-0.26337448559670784
1219,0.5,0.05780346820809254
1220,0.5,0.6894409937888198
1221,0.6,0.9329896907216495
1222,0.4,-0.27272727272727276
1223,0.6,0.517241379310345
1224,0.5,0.30805687203791465
1225,0.5,0.355119825708061
1226,0.6,-0.25
1227,0.5,-0.010238907849829436
1228,0.4,0.49645390070921985
1229,0.5,0.7353689567430025
1230,0.6,0.5357142857142857
1231,0.5,0.37931034482758624
1232,0.4,-0.6666666666666666
1233,0.5,-0.14634146341463408
1234,0.5,-0.5882352941176471
1235,0.6,-0.30000000000000004
1236,0.6,-0.19999999999999996
1237,0.6,-0.4081632653061225
1238,0.4,0.10526315789473695
1239,0.4,0.10526315789473695
1240,0.4,0.10000000000000009
1241,0.6,-0.16666666666666663
1242,0.7,-0.30000000000000004
1243,0.6,-0.33333333333333326
1244,0.5,0.30573248407643294
1245,0.5,0.15789473684210525
1246,0.5,0.2266666666666667
1247,0.6,0.04729729729729734
1248,0.5,0.0
1249,0.5,0.44230769230769224
1250,0.5,0.21904761904761902
1251,0.4,0.10810810810810796
1252,0.5,0.1724137931034483
1253,0.4,0.052631578947368474
1254,0.5,0.03333333333333336
1255,0.5,-0.217391304347826
1256,0.5,-0.13636363636363646
1257,0.5,-0.15000000000000002
1258,0.5,0.04761904761904766
1259,0.5,-0.07692307692307698
1260,0.6,0.45454545454545453
1261,0.7,-0.888888888888889
1262,0.6,-0.5
1263,0.6,-1.0
1264,0.5,-0.2812500000000001
1265,0.5,-0.3714285714285714
1266,0.5,0.3448275862068966
1267,0.6,0.1304347826086958
1268,0.5,-0.4666666666666666
1269,0.6,-0.5599999999999999
1270,0.6,-0.5
1271,0.5,-0.9895833333333334
1272,0.5,-0.9761904761904763
1273,0.6,0.02666666666666669
1274,0.6,-0.08333333333333323
1275,0.6,-0.1538461538461538
1276,0.5,0.5
1277,0.5,0.7
1278,0.4,0.9411764705882353
1279,0.5,0.7222222222222222
1280,0.5,0.4516129032258064
1281,0.5,-0.8928571428571429
1282,0.5,-0.8461538461538461
1283,0.7,1.90625
1284,0.5,1.7352941176470589
1285,0.4,0.4687499999999999
1286,0.3,-0.20270270270270274
1287,0.3,-0.16249999999999998
1288,0.5,0.08571428571428566
1289,0.5,0.17647058823529416
1290,0.5,0.4193548387096775
1291,0.5,0.2894736842105265
1292,0.5,0.4999999999999999
1293,0.7,-0.4
1294,0.6,-0.5
1295,0.6,-0.5
1296,0.2,-0.7999999999999999
1297,0.3,-0.6923076923076923
1298,0.4,-0.4444444444444445
1299,0.5,-0.37500000000000006
1300,0.5,-0.33333333333333326
1301,0.5,-0.33333333333333337
1302,0.5,-0.1250000000000001
1303,0.4,-0.5
1304,0.5,-0.3548387096774194
1305,0.5,-0.4516129032258065
1306,0.5,-0.28571428571428564
1307,0.5,-0.06976744186046507
1308,0.3,-0.13636363636363646
1309,0.3,-0.19815668202764974
1310,0.3,-0.3676470588235294
1311,0.5,-0.5
1312,0.6,0.12499999999999997
1313,0.3,0.1538461538461538
1314,0.5,0.3043478260869566
1315,0.5,-0.35
1316,0.4,-0.47826086956521735
1317,0.6,-0.6428571428571428
1318,0.5,0.20000000000000007
1319,0.4,0.28358208955223896
1320,0.5,-0.0624999999999999
1321,0.4,-0.31282051282051276
1322,0.4,0.9545454545454543
1323,0.6,-0.31818181818181823
1324,0.3,-0.30303030303030304
1325,0.3,-0.3428571428571429
1326,0.3,-0.41666666666666663
1327,0.5,0.18181818181818177
1328,0.5,0.0
1329,0.6,-0.07843137254901968
1330,0.6,-0.23076923076923075
1331,0.5,0.32432432432432434
1332,0.4,-0.43589743589743585
1333,0.5,-0.33333333333333326
1334,0.5,-0.5
1335,0.5,-0.7142857142857143
1336,0.6,-0.7500000000000001
1337,0.6,-0.7500000000000001
1338,0.5,0.35869565217391314
1339,0.6,-0.17021276595744672
1340,0.6,-0.14893617021276587
1341,0.6,-0.625
1342,0.3,-0.40579710144927533
1343,0.4,-0.17543859649122803
1344,0.4,-0.16666666666666663
1345,0.4,-0.24999999999999994
1346,0.6,-0.46153846153846156
1347,0.6,-0.39999999999999997
1348,0.5,-0.17647058823529416
1349,0.5,-0.11764705882352938
1350,0.4,0.0
1351,0.4,0.03381642512077309
1352,0.4,0.06499999999999995
1353,0.5,-0.1264367816091954
1354,0.5,-0.4099378881987578
1355,0.5,-0.46470588235294114
1356,0.5,0.6756756756756757
1357,0.5,0.6000000000000001
1358,0.4,0.13953488372093037
1359,0.5,0.2631578947368421
1360,0.4,0.2790697674418605
1361,0.5,-0.25806451612903236
1362,0.4,-0.02702702702702705
1363,0.4,0.050000000000000044
1364,0.6,0.4925373134328358
1365,0.4,-0.08571428571428566
1366,0.5,0.7727272727272726
1367,0.6,1.0701754385964912
1368,0.5,-0.8333333333333334
1369,0.6,-0.6956521739130435
1370,0.5,-0.48837209302325574
1371,0.5,0.08000000000000007
1372,0.5,-0.1333333333333333
1373,0.5,-0.15126050420168063
1374,0.5,0.6410256410256412
1375,0.6,0.5773809523809524
1376,0.6,0.023809523809523725
1377,0.5,-0.4222222222222222
1378,0.5,-0.4230769230769231
1379,0.5,-0.41379310344827586
1380,0.5,-0.32653061224489804
1381,0.6,-0.4035087719298246
1382,0.5,-0.078125
1383,0.5,0.5000000000000001
1384,0.5,0.39473684210526316
1385,0.3,-0.1250000000000001
1386,0.5,-0.23484848484848483
1387,0.5,-0.12037037037037043
1388,0.5,-0.2837837837837838
1389,0.6,0.4418604651162791
1390,0.6,-0.7916666666666666
1391,0.6,0.1285714285714287
1392,0.6,-0.06716417910447767
1393,0.6,-0.05691056910569111
1394,0.5,0.6602316602316602
1395,0.4,0.5808823529411763
1396,0.4,-0.028301886792452855
1397,0.5,0.07894736842105259
1398,0.4,0.17647058823529416
1399,0.6,0.7652173913043477
1400,0.5,-0.08562691131498483
1401,0.5,-0.08490566037735847
1402,0.7,-0.01960784313725492
1403,0.5,-0.07692307692307698
1404,0.5,0.020833333333333353
1405,0.4,0.9555555555555555
1406,0.2,0.2666666666666667
1407,0.5,0.12499999999999997
1408,0.1,-0.3333333333333333
1409,0.1,0.6153846153846154
1410,0.4,0.32
1411,0.4,0.12030075187969919
1412,0.5,0.21768707482993202
1413,0.4,-0.09375000000000008
1414,0.4,-0.1250000000000001
1415,0.5,0.6449275362318841
1416,0.6,0.07526881720430102
1417,0.5,-0.05882352941176463
1418,0.5,-0.10294117647058826
1419,0.5,-0.3044776119402985
1420,0.4,-0.37401574803149606
1421,0.5,-0.5367965367965368
1422,0.5,-0.27962085308056867
1423,0.5,-0.32142857142857145
1424,0.6,0.3714285714285714
1425,0.5,0.20155038759689922
1426,0.5,0.3235294117647059
1427,0.8,-0.6
1428,0.5,-0.4
1429,0.4,0.0714285714285715
1430,0.6,0.16666666666666669
1431,0.5,0.13636363636363627
1432,0.4,-0.20833333333333334
1433,0.6,0.25333333333333324
1434,0.5,-0.03191489361702119
1435,0.5,-0.14141414141414144
1436,0.5,-0.26
1437,0.4,-0.4074074074074075
1438,0.5,-0.3142857142857143
1439,0.5,-0.16901408450704225
1440,0.5,-0.26562500000000006
1441,0.5,0.08620689655172423
1442,0.5,-0.19607843137254907
1443,0.5,0.18181818181818182
1444,0.4,0.14444444444444446
1445,0.5,-0.3787878787878788
1446,0.5,-0.31428571428571433
1447,0.5,0.06060606060606066
1448,0.6,-0.09615384615384624
1449,0.4,-0.10080645161290323
1450,0.5,-0.19553072625698328
1451,0.5,-0.3148148148148148
1452,0.5,-0.5
1453,0.4,-0.5290697674418604
1454,0.4,-0.08287292817679565
1455,0.5,0.2708333333333334
1456,0.5,0.19444444444444448
1457,0.5,-0.34838709677419355
1458,0.5,-0.022598870056497196
1459,0.5,-0.0277777777777778
1460,0.1,-0.6875
1461,0.1,-0.6875
1462,0.6,0.03225806451612906
1463,0.5,-0.08823529411764701
1464,0.5,-0.2413793103448275
1465,0.6,0.5909090909090908
1466,0.5,0.15999999999999998
1467,0.5,0.29166666666666674
1468,0.4,-0.09090909090909086
1469,0.4,-0.21212121212121204
1470,0.4,0.37288135593220345
1471,0.5,0.343558282208589
1472,0.4,0.311111111111111
1473,0.7,0.3055555555555554
1474,0.5,-0.1324503311258278
1475,0.5,0.5304347826086958
1476,0.5,0.6554621848739496
1477,0.6,0.44520547945205474
1478,0.5,0.5595238095238096
1479,0.6,0.4475524475524475
1480,0.6,0.08391608391608399
1481,0.5,-0.5142857142857142
1482,0.6,0.769230769230769
1483,0.5,-0.217391304347826
1484,0.5,-0.28571428571428575
1485,0.5,-0.24999999999999994
1486,0.4,-0.0285714285714286
1487,0.4,-0.3235294117647059
1488,0.5,-0.3428571428571429
1489,0.6,-0.6538461538461539
1490,0.5,-0.375
1491,0.5,-0.5416666666666666
1492,0.3,1.2000000000000002
1493,0.5,1.1600000000000001
1494,0.5,0.6153846153846154
1495,0.5,-0.2727272727272727
1496,0.5,-0.19444444444444448
1497,0.4,-0.02941176470588238
1498,0.5,0.28124999999999983
1499,0.5,-0.625
1500,0.5,-0.5405405405405405
1501,0.6,0.5000000000000001
1502,0.5,0.3928571428571429
1503,0.5,-0.6060606060606061
1504,0.6,-0.20689655172413796
1505,0.6,-0.07407407407407414
1506,0.5,0.025641025641025664
1507,0.3,-0.5
1508,0.3,-0.3684210526315789
1509,0.3,-0.11764705882352938
1510,0.4,0.0
1511,0.4,-0.07142857142857134
1512,0.4,-0.07692307692307698
1513,0.7,-0.7500000000000001
1514,0.7,-0.6
1515,0.7,-0.5384615384615385
1516,0.5,-0.01694915254237297
1517,0.5,-0.03333333333333336
1518,0.5,-0.0363636363636364
1519,0.5,0.4444444444444443
1520,0.5,0.42857142857142866
1521,0.5,-0.08000000000000007
1522,0.5,-0.46153846153846156
1523,0.6,0.8421052631578948
1524,0.5,0.5348837209302325
1525,0.6,0.3421052631578947
1526,0.4,-0.02941176470588238
1527,0.5,0.0
1528,0.4,-0.4473684210526315
1529,0.4,0.31428571428571417
1530,0.5,0.14465408805031443
1531,0.5,0.24223602484472043
1532,0.4,0.27272727272727254
1533,0.5,-0.6
1534,0.5,-0.8
1535,0.6,-0.6
1536,0.7,-0.33333333333333326
1537,0.5,0.587878787878788
1538,0.5,0.32679738562091487
1539,0.5,0.5032258064516129
1540,0.5,0.45033112582781454
1541,0.6,0.3333333333333334
1542,0.5,0.3669724770642201
1543,0.5,-0.6
1544,0.5,-0.6
1545,0.4,0.22142857142857147
1546,0.4,-0.6161616161616161
1547,0.4,-0.6206896551724138
1548,0.9,-0.6231884057971014
1549,0.6,-0.65
1550,0.7,-0.19298245614035078
1551,0.5,0.05999999999999996
1552,0.4,-0.3893805309734513
1553,0.5,-0.46391752577319584
1554,0.5,-0.4554455445544554
1555,0.5,-0.2886597938144329
1556,0.5,-0.2150537634408603
1557,0.4,-0.4230769230769231
1558,0.5,0.10699588477366245
1559,0.5,0.029288702928870224
1560,0.5,-0.013636363636363748
1561,0.4,-0.32089552238805974
1562,0.5,0.30188679245283
1563,0.6,0.42045454545454547
1564,0.5,-0.46551724137931033
1565,0.4,0.576271186440678
1566,0.6,0.6052631578947368
1567,0.4,0.44999999999999984
1568,0.4,0.4285714285714285
1569,0.5,-0.47619047619047616
1570,0.5,-0.6
1571,0.5,-0.24999999999999992
1572,0.5,-0.31578947368421045
1573,0.4,-0.17857142857142858
1574,0.3,-0.22222222222222224
1575,0.4,-0.29411764705882354
1576,0.4,0.07692307692307682
1577,0.4,-0.14814814814814828
1578,0.6,-0.3076923076923077
1579,0.5,-0.4090909090909091
1580,0.4,-0.4347826086956521
1581,0.4,-0.4583333333333333
1582,0.3,-0.7407407407407407
1583,0.4,-0.45999999999999996
1584,0.5,0.5813953488372093
1585,0.5,1.0
1586,0.3,0.36363636363636354
1587,0.5,-0.28638497652582157
1588,0.4,-0.27272727272727265
1589,0.4,-0.3191489361702127
1590,0.4,-0.4223300970873787
1591,0.6,-0.48823529411764705
1592,0.4,-0.4461538461538462
1593,0.7,-0.09803921568627448
1594,0.6,0.2719298245614036
1595,0.5,-0.23569023569023573
1596,0.5,-0.24705882352941175
1597,0.5,-0.4216417910447761
1598,0.5,0.7632850241545894
1599,0.5,0.9534883720930234
1600,0.7,-0.4246575342465754
1601,0.8,-0.39622641509433965
1602,0.9,-0.1886792452830189
1603,0.8,-0.1886792452830189
1604,0.4,-0.2051282051282051
1605,0.4,0.10714285714285725
1606,0.3,0.0285714285714286
1607,0.5,0.17142857142857132
1608,0.4,0.07894736842105259
1609,0.4,0.5897435897435899
1610,0.4,0.29411764705882354
1611,0.4,0.3043478260869566
1612,0.4,-0.1111111111111112
1613,0.6,-0.18750000000000003
1614,0.4,-0.14814814814814828
1615,0.4,0.27272727272727254
1616,0.6,0.3333333333333335
1617,0.5,0.5090909090909093
1618,0.4,0.0
1619,0.5,-0.6666666666666667
1620,0.5,-0.4594594594594595
1621,0.5,0.10714285714285725
1622,0.2,0.024390243902439157
1623,0.5,0.9148936170212767
1624,0.3,-0.19999999999999996
1625,0.2,0.29411764705882365
1626,0.4,-0.20689655172413796
1627,0.4,-0.16129032258064516
1628,0.4,-0.06896551724137923
1629,0.5,-0.2
1630,0.4,-0.33333333333333337
1631,0.4,-0.1304347826086956
1632,0.5,0.31578947368421056
1633,0.5,0.19999999999999996
1634,0.5,0.13636363636363627
1635,0.3,-0.3333333333333333
1636,0.3,-0.33333333333333337
1637,0.9,-0.7272727272727273
1638,0.5,-0.2676056338028168
1639,0.3,-0.33333333333333326
1640,0.3,-0.3571428571428571
1641,0.3,0.0
1642,0.3,0.19999999999999996
1643,0.3,0.6000000000000001
1644,0.9,0.0
1645,0.5,0.45637583892617445
1646,0.4,0.26380368098159523
1647,0.4,0.19230769230769224
1648,0.6,0.03174603174603177
1649,0.5,-0.29113924050632906
1650,0.4,0.37735849056603765
1651,0.5,0.16666666666666663
1652,0.4,-0.14705882352941177
1653,0.7,0.08403361344537823
1654,0.4,-0.05347593582887705
1655,0.5,0.005882352941176476
1656,0.6,-0.29166666666666663
1657,0.5,0.4583333333333333
1658,0.5,0.32000000000000006
1659,0.5,0.30487804878048785
1660,0.5,0.12222222222222218
1661,0.5,0.05405405405405398
1662,0.5,0.2285714285714285
1663,0.5,-0.07499999999999996
1664,0.4,-0.22000000000000003
1665,0.6,-0.10256410256410255
1666,0.5,-0.052631578947368356
1667,0.5,-0.19999999999999996
1668,0.4,-0.02666666666666669
1669,0.5,-0.014285714285714235
1670,0.5,0.06451612903225798
1671,0.5,-0.29090909090909095
1672,0.5,-0.2
1673,0.4,-0.3055555555555556
1674,0.6,-0.3333333333333333
1675,0.5,-0.6271186440677966
1676,0.5,-0.05882352941176463
1677,0.6,-0.1250000000000001
1678,0.5,-0.11111111111111108
1679,0.6,-0.2222222222222223
1680,0.5,-0.4
1681,0.4,0.09090909090909079
1682,0.3,0.0
1683,0.5,-0.03846153846153849
1684,0.3,-0.11764705882352935
1685,0.7,0.23076923076923078
1686,0.7,0.4166666666666667
1687,0.5,-0.2931034482758621
1688,0.6,-0.3850931677018634
1689,0.4,0.0
1690,0.5,0.5517241379310346
1691,0.5,-0.6363636363636364
1692,0.4,-0.35
1693,0.5,-0.1363636363636363
1694,0.4,-0.48
1695,0.6,-0.2972972972972973
1696,0.5,-0.24324324324324334
1697,0.5,0.13483146067415722
1698,0.5,0.14942528735632193
1699,0.4,0.358974358974359
1700,0.7,-0.888888888888889
1701,0.7,-0.23529411764705876
1702,0.7,-0.18750000000000003
1703,0.6,-0.38888888888888884
1704,0.6,-0.37500000000000006
1705,0.4,-0.6190476190476191
1706,0.4,-0.65
1707,0.5,-0.08108108108108115
1708,0.5,-0.25581395348837205
1709,0.6,-0.050000000000000044
1710,0.5,-0.23333333333333342
1711,0.5,-0.20857142857142857
1712,0.6,-0.2673992673992674
1713,0.6,-0.2754237288135593
1714,0.4,-0.4376811594202899
1715,0.4,-0.32857142857142857
1716,0.5,0.20454545454545456
1717,0.4,-0.05882352941176463
1718,0.4,-0.17142857142857146
1719,0.5,-0.1333333333333333
1720,0.4,-0.29411764705882354
1721,0.4,-0.004405286343612437
1722,0.5,-0.11297071129707113
1723,0.5,-0.23983739837398368
1724,0.5,-0.13440860215053763
1725,0.6,-0.2112676056338027
1726,0.5,-0.21428571428571416
1727,0.6,-0.3571428571428571
1728,0.6,-0.55
1729,0.6,-0.3333333333333333
1730,0.6,-0.2666666666666666
1731,0.4,-0.09302325581395347
1732,0.3,-0.8571428571428572
1733,0.5,0.4705882352941177
1734,0.5,0.6470588235294117
1735,0.5,-0.39285714285714285
1736,0.4,-0.17142857142857146
1737,0.5,-0.043478260869565064
1738,0.5,-0.14285714285714282
1739,0.5,-0.25000000000000006
1740,0.5,-0.16129032258064516
1741,0.5,0.18367346938775497
1742,0.5,-0.5018867924528302
1743,0.4,-0.5940959409594095
1744,0.5,-0.5225806451612903
1745,0.5,1.1428571428571428
1746,0.5,0.023255813953488497
1747,0.5,0.0
1748,0.5,0.0
1749,0.6,0.06451612903225798
1750,0.5,0.16129032258064516
1751,0.6,0.09803921568627452
1752,0.5,0.09259259259259259
1753,0.5,0.11320754716981142
1754,0.3,-0.5
1755,0.3,-0.6216216216216217
1756,0.4,-0.3703703703703704
1757,0.5,-0.7083333333333334
1758,0.2,0.2777777777777776
1759,0.6,-0.21875000000000006
1760,0.6,0.06896551724137938
1761,0.5,0.38709677419354827
1762,0.5,-0.6551724137931034
1763,0.5,0.09876543209876537
1764,0.3,-0.1851851851851852
1765,0.5,0.22368421052631585
1766,0.3,-0.21100917431192667
1767,0.7,-0.8
1768,0.3,0.05555555555555548
1769,0.6,0.1538461538461538
1770,0.6,0.11111111111111104
1771,0.6,0.7126436781609196
1772,0.6,0.4534883720930233
1773,0.5,0.2222222222222222
1774,0.7,-0.3058823529411765
1775,0.6,-0.23188405797101438
1776,0.7,-0.1408450704225352
1777,0.5,-0.3717948717948718
1778,0.6,-0.012820512820512832
1779,0.7,0.31999999999999995
1780,0.7,1.5084745762711864
1781,0.5,3.086956521739131
1782,0.4,0.0
1783,0.4,0.09523809523809511
1784,0.4,0.21052631578947364
1785,0.7,-0.09090909090909098
1786,0.6,0.07692307692307682
1787,0.5,0.1333333333333333
1788,0.5,-0.3970149253731343
1789,0.5,-0.35692307692307695
1790,0.7,-0.5365853658536586
1791,0.5,0.03225806451612906
1792,0.5,-0.006329113924050638
1793,0.6,-0.13286713286713284
1794,0.5,0.5217391304347827
1795,0.5,0.6608695652173914
1796,0.4,-0.2631578947368421
1797,0.6,-0.07142857142857134
1798,0.6,0.0
1799,0.6,0.4814814814814814
1800,0.4,-0.0555555555555556
1801,0.4,-0.1081081081081082
1802,0.4,-0.14285714285714285
1803,0.5,-0.1290322580645161
1804,0.5,-0.2727272727272727
1805,0.5,0.5483870967741934
1806,0.4,0.2857142857142857
1807,0.4,-0.17391304347826084
1808,0.5,-0.15533980582524284
1809,0.4,-0.11267605633802814
1810,0.4,-0.41818181818181815
1811,0.3,-0.34647887323943666
1812,0.3,-0.13225806451612906
1813,0.3,0.08450704225352121
1814,0.7,-0.8571428571428572
1815,0.6,-0.4
1816,0.4,-0.004310344827586115
1817,0.7,-0.27027027027027023
1818,0.5,-0.06250000000000006
1819,0.5,-0.19999999999999996
1820,0.6,-0.5303030303030303
1821,0.7,-0.2962962962962964
1822,0.5,0.42016806722689076
1823,0.5,0.4504504504504504
1824,0.6,0.09473684210526324
1825,0.5,-0.26829268292682923
1826,0.6,-0.35294117647058815
1827,0.6,-0.4285714285714285
1828,0.3,-0.26086956521739124
1829,0.3,-0.09523809523809532
1830,0.6,-0.19999999999999996
1831,0.3,-0.08333333333333323
1832,0.7,-0.20833333333333334
1833,0.5,-0.050000000000000044
1834,0.4,-0.217391304347826
1835,0.4,-0.04444444444444448
1836,0.5,0.7090909090909091
1837,0.4,0.13953488372093037
1838,0.5,0.11111111111111104
1839,0.7,0.7575757575757576
1840,0.5,0.0
1841,0.5,0.11299435028248585
1842,0.5,-0.12727272727272726
1843,0.5,-0.1301775147928994
1844,0.5,0.3895348837209303
1845,0.5,0.7076023391812866
1846,0.6,1.119565217391304
1847,0.6,-0.09999999999999994
1848,0.1,-0.7881944444444445
1849,0.3,-0.6335403726708074
1850,0.5,-0.49090909090909096
1851,0.5,0.06818181818181814
1852,0.5,0.31111111111111117
1853,0.7,0.2
1854,0.7,0.1304347826086958
